{
    "name": "root",
    "metadata": {
        "timer_format_version": "0.1.0",
        "start_time_seconds": "1649096416",
        "python_version": "3.7.9 (tags/v3.7.9:13c94747c7, Aug 17 2020, 18:58:18) [MSC v.1900 64 bit (AMD64)]",
        "command_line_arguments": "C:\\Users\\owenc\\Documents\\GitHub\\FYPAIBalancingGame\\FYPprototype\\venv\\Scripts\\mlagents-learn --force",
        "mlagents_version": "0.28.0",
        "mlagents_envs_version": "0.28.0",
        "communication_protocol_version": "1.5.0",
        "pytorch_version": "1.7.1+cu110",
        "numpy_version": "1.21.5",
        "end_time_seconds": "1649096580"
    },
    "total": 164.77838730000002,
    "count": 1,
    "self": 0.006510800000000927,
    "children": {
        "run_training.setup": {
            "total": 0.11465459999999972,
            "count": 1,
            "self": 0.11465459999999972
        },
        "TrainerController.start_learning": {
            "total": 164.65722190000002,
            "count": 1,
            "self": 0.1613844000001734,
            "children": {
                "TrainerController._reset_env": {
                    "total": 20.613751999999998,
                    "count": 1,
                    "self": 20.613751999999998
                },
                "TrainerController.advance": {
                    "total": 143.79075109999985,
                    "count": 11247,
                    "self": 0.1487791999997512,
                    "children": {
                        "env_step": {
                            "total": 139.72721100000055,
                            "count": 11247,
                            "self": 121.63698680000186,
                            "children": {
                                "SubprocessEnvManager._take_step": {
                                    "total": 17.985909599999477,
                                    "count": 11247,
                                    "self": 0.38513039999966026,
                                    "children": {
                                        "TorchPolicy.evaluate": {
                                            "total": 17.600779199999817,
                                            "count": 10327,
                                            "self": 6.698342000000203,
                                            "children": {
                                                "TorchPolicy.sample_actions": {
                                                    "total": 10.902437199999614,
                                                    "count": 10327,
                                                    "self": 10.902437199999614
                                                }
                                            }
                                        }
                                    }
                                },
                                "workers": {
                                    "total": 0.10431459999920634,
                                    "count": 11246,
                                    "self": 0.0,
                                    "children": {
                                        "worker_root": {
                                            "total": 84.26685859999974,
                                            "count": 11246,
                                            "is_parallel": true,
                                            "self": 30.612062300000133,
                                            "children": {
                                                "steps_from_proto": {
                                                    "total": 0.00041689999999761085,
                                                    "count": 1,
                                                    "is_parallel": true,
                                                    "self": 0.00020299999999906504,
                                                    "children": {
                                                        "_process_rank_one_or_two_observation": {
                                                            "total": 0.0002138999999985458,
                                                            "count": 2,
                                                            "is_parallel": true,
                                                            "self": 0.0002138999999985458
                                                        }
                                                    }
                                                },
                                                "UnityEnvironment.step": {
                                                    "total": 53.654379399999605,
                                                    "count": 11246,
                                                    "is_parallel": true,
                                                    "self": 0.6305216000013729,
                                                    "children": {
                                                        "UnityEnvironment._generate_step_input": {
                                                            "total": 0.4532461999991142,
                                                            "count": 11246,
                                                            "is_parallel": true,
                                                            "self": 0.4532461999991142
                                                        },
                                                        "communicator.exchange": {
                                                            "total": 50.53173269999986,
                                                            "count": 11246,
                                                            "is_parallel": true,
                                                            "self": 50.53173269999986
                                                        },
                                                        "steps_from_proto": {
                                                            "total": 2.0388788999992613,
                                                            "count": 11246,
                                                            "is_parallel": true,
                                                            "self": 1.3315774000005298,
                                                            "children": {
                                                                "_process_rank_one_or_two_observation": {
                                                                    "total": 0.7073014999987315,
                                                                    "count": 22492,
                                                                    "is_parallel": true,
                                                                    "self": 0.7073014999987315
                                                                }
                                                            }
                                                        }
                                                    }
                                                }
                                            }
                                        }
                                    }
                                }
                            }
                        },
                        "trainer_advance": {
                            "total": 3.9147608999995462,
                            "count": 11246,
                            "self": 0.1894540999997929,
                            "children": {
                                "process_trajectory": {
                                    "total": 2.181062599999759,
                                    "count": 11246,
                                    "self": 2.181062599999759
                                },