{
    "name": "root",
    "metadata": {
        "timer_format_version": "0.1.0",
        "start_time_seconds": "1645303445",
        "python_version": "3.7.9 (tags/v3.7.9:13c94747c7, Aug 17 2020, 18:58:18) [MSC v.1900 64 bit (AMD64)]",
        "command_line_arguments": "C:\\Users\\owenc\\Documents\\GitHub\\FYPAIBalancingGame\\FYPprototype\\venv\\Scripts\\mlagents-learn --force",
        "mlagents_version": "0.28.0",
        "mlagents_envs_version": "0.28.0",
        "communication_protocol_version": "1.5.0",
        "pytorch_version": "1.7.1+cu110",
        "numpy_version": "1.21.5",
        "end_time_seconds": "1645303641"
    },
    "total": 195.38154699999998,
    "count": 1,
    "self": 0.007055900000011661,
    "children": {
        "run_training.setup": {
            "total": 0.07724569999999997,
            "count": 1,
            "self": 0.07724569999999997
        },
        "TrainerController.start_learning": {
            "total": 195.29724539999998,
            "count": 1,
            "self": 0.2969799999994507,
            "children": {
                "TrainerController._reset_env": {
                    "total": 7.6772219,
                    "count": 1,
                    "self": 7.6772219
                },
                "TrainerController.advance": {
                    "total": 187.24667360000052,
                    "count": 16262,
                    "self": 0.26910020000073587,
                    "children": {
                        "env_step": {
                            "total": 183.66976029999984,
                            "count": 16262,
                            "self": 148.06431979999894,
                            "children": {
                                "SubprocessEnvManager._take_step": {
                                    "total": 35.417984100000666,
                                    "count": 16262,
                                    "self": 0.7030424000000437,
                                    "children": {
                                        "TorchPolicy.evaluate": {
                                            "total": 34.71494170000062,
                                            "count": 16187,
                                            "self": 14.792676900000089,
                                            "children": {
                                                "TorchPolicy.sample_actions": {
                                                    "total": 19.922264800000534,
                                                    "count": 16187,
                                                    "self": 19.922264800000534
                                                }
                                            }
                                        }
                                    }
                                },
                                "workers": {
                                    "total": 0.18745640000022412,
                                    "count": 16261,
                                    "self": 0.0,
                                    "children": {
                                        "worker_root": {
                                            "total": 127.24228900000028,
                                            "count": 16261,
                                            "is_parallel": true,
                                            "self": 52.87570520000031,
                                            "children": {
                                                "steps_from_proto": {
                                                    "total": 0.00037880000000001246,
                                                    "count": 1,
                                                    "is_parallel": true,
                                                    "self": 0.00020730000000046545,
                                                    "children": {
                                                        "_process_rank_one_or_two_observation": {
                                                            "total": 0.00017149999999954701,
                                                            "count": 2,
                                                            "is_parallel": true,
                                                            "self": 0.00017149999999954701
                                                        }
                                                    }
                                                },
                                                "UnityEnvironment.step": {
                                                    "total": 74.36620499999998,
                                                    "count": 16261,
                                                    "is_parallel": true,
                                                    "self": 1.1115867999999125,
                                                    "children": {
                                                        "UnityEnvironment._generate_step_input": {
                                                            "total": 0.900257999999436,
                                                            "count": 16261,
                                                            "is_parallel": true,
                                                            "self": 0.900257999999436
                                                        },
                                                        "communicator.exchange": {
                                                            "total": 68.43700959999984,
                                                            "count": 16261,
                                                            "is_parallel": true,
                                                            "self": 68.43700959999984
                                                        },
                                                        "steps_from_proto": {
                                                            "total": 3.9173506000007876,
                                                            "count": 16261,
                                                            "is_parallel": true,
                                                            "self": 2.420602800000374,
                                                            "children": {
                                                                "_process_rank_one_or_two_observation": {
                                                                    "total": 1.4967478000004135,
                                                                    "count": 32522,
                                                                    "is_parallel": true,
                                                                    "self": 1.4967478000004135
                                                                }
                                                            }
                                                        }
                                                    }
                                                }
                                            }
                                        }
                                    }
                                }
                            }
                        },
                        "trainer_advance": {
                            "total": 3.3078130999999367,
                            "count": 16261,
                            "self": 0.3632070999995829,
                            "children": {
                                "process_trajectory": {
                                    "total": 1.2983715000003482,
                                    "count": 16261,
                                    "self": 1.2983715000003482
                                },