{"count":1,"self":1533.806592,"total":5235.6606572,"children":{"InitializeActuators":{"count":1,"self":0.0015003999999999998,"total":0.0015003999999999998,"children":null},"InitializeSensors":{"count":1,"self":0.0020006,"total":0.0020006,"children":null},"AgentSendState":{"count":2500067,"self":21.9505952,"total":61.736470999999995,"children":{"CollectObservations":{"count":500014,"self":9.9492511999999991,"total":9.9492509,"children":null},"WriteActionMask":{"count":500014,"self":2.0619356,"total":2.0619354999999997,"children":null},"RequestDecision":{"count":500014,"self":6.3929744,"total":27.774689,"children":{"AgentInfo.ToProto":{"count":500014,"self":5.82984,"total":21.3817146,"children":{"GenerateSensorData":{"count":500014,"self":15.5518752,"total":15.551874399999999,"children":null}}}}}}},"DecideAction":{"count":2500067,"self":2501.9408384,"total":2501.9407392,"children":null},"AgentAct":{"count":2500067,"self":1137.7212416,"total":1137.7212255,"children":null},"AgentInfo.ToProto":{"count":8567,"self":0.161537,"total":0.4506311,"children":{"GenerateSensorData":{"count":8567,"self":0.28909409999999996,"total":0.28909409999999996,"children":null}}}},"gauges":{"AIBalancing.CumulativeReward":{"count":8567,"max":248.25,"min":0,"runningAverage":10.2521744,"value":49.5,"weightedAverage":16.80789}},"metadata":{"timer_format_version":"0.1.0","start_time_seconds":"1650478190","unity_version":"2021.1.9f1","command_line_arguments":"C:\\Program Files\\Unity\\Hub\\Editor\\2021.1.9f1\\Editor\\Unity.exe -projectpath C:\/Users\/owenc\/Documents\/GitHub\/FYPAIBalancingGame\/FYPprototype -useHub -hubIPC -cloudEnvironment production -hubSessionId 4f021580-c0ab-11ec-8c07-c196a1c41f63","communication_protocol_version":"1.5.0","com.unity.ml-agents_version":"2.2.1-exp.1","scene_name":"MainScene","end_time_seconds":"1650483425"}}